ma_giao_dich,khach_hang,dich_vu
GD001,KH01,Internet Cáp Quang
GD001,KH01,Truyền Hình FPT Play
GD002,KH02,Internet Cáp Quang
GD002,KH02,Truyền Hình FPT Play
GD003,KH03,Internet Cáp Quang
GD003,KH03,Truyền Hình FPT Play
GD004,KH04,Internet Cáp Quang
GD004,KH04,Truyền Hình FPT Play
GD004,KH04,Camera An Ninh
GD005,KH05,Internet Cáp Quang
GD005,KH05,Truyền Hình FPT Play
GD006,KH06,Internet Cáp Quang
GD006,KH06,Truyền Hình FPT Play
GD007,KH07,Internet Cáp Quang
GD007,KH07,Truyền Hình FPT Play
GD008,KH08,Internet Cáp Quang
GD008,KH08,Truyền Hình FPT Play
GD009,KH09,Internet Cáp Quang
GD009,KH09,Truyền Hình FPT Play
GD009,KH09,Camera An Ninh
GD010,KH10,Internet Cáp Quang
GD010,KH10,Truyền Hình FPT Play
GD011,KH11,Internet Cáp Quang
GD011,KH11,Truyền Hình FPT Play
GD012,KH12,Internet Cáp Quang
GD013,KH13,Internet Cáp Quang
GD013,KH13,Camera An Ninh
GD014,KH14,Internet Cáp Quang
GD015,KH15,Truyền Hình FPT Play
GD015,KH15,Camera An Ninh
GD016,KH16,Camera An Ninh
GD017,KH17,Camera An Ninh
GD018,KH18,Camera An Ninh
GD019,KH19,Camera An Ninh
GD020,KH20,Camera An Ninh
